"","Cabin","FamilyId"
"8","","Palsson5"
"9","","Johnson3"
"11","G6","Sandstrom3"
"14","","Andersson7"
"17","","Rice6"
"25","","Palsson5"
"26","","Asplund7"
"28","C23 C25 C27","Fortune6"
"44","","Laroche4"
"49","","Samaan3"
"51","","Panula6"
"59","","West4"
"60","","Goodwin8"
"64","","Skoog6"
"66","","Moubarek3"
"69","","Andersson7"
"72","","Goodwin8"
"79","","Caldwell3"
"87","","Ford5"
"89","C23 C25 C27","Fortune6"
"94","","Dean4"
"120","","Andersson7"
"121","","Hickman3"
"129","F E69","Peter3"
"141","","Boulos3"
"148","","Ford5"
"149","F2","Navratil3"
"154","","van Billiard3"
"160","","Sage11"
"165","","Panula6"
"166","","Goldsmith3"
"168","","Skoog6"
"172","","Rice6"
"173","","Johnson3"
"176","","Klasen3"
"177","","Lefebre5"
"181","","Sage11"
"183","","Asplund7"
"184","F4","Becker4"
"189","","Bourke3"
"194","F2","Navratil3"
"202","","Sage11"
"230","","Lefebre5"
"234","","Asplund7"
"238","","Collyer3"
"255","","Rosblom3"
"256","","Touma3"
"262","","Asplund7"
"263","E67","Taussig3"
"267","","Panula6"
"279","","Rice6"
"280","","Abbott3"
"298","C22 C26","Allison4"
"302","","McCoy3"
"306","C22 C26","Allison4"
"312","B57 B59 B63 B66","Ryerson5"
"315","","Hart3"
"319","C7","Wick3"
"320","E34","Spedden3"
"324","","Caldwell3"
"325","","Sage11"
"329","","Goldsmith3"
"331","","McCoy3"
"341","F2","Navratil3"
"342","C23 C25 C27","Fortune6"
"349","","Coutts3"
"353","","Elias3"
"361","","Skoog6"
"375","","Palsson5"
"378","C82","Widener3"
"382","","Nakid3"
"387","","Goodwin8"
"391","B96 B98","Carter4"
"395","G6","Sandstrom3"
"410","","Lefebre5"
"417","","Drew3"
"420","","Van Impe3"
"424","","Danbom3"
"425","","Rosblom3"
"436","B96 B98","Carter4"
"437","","Ford5"
"439","C23 C25 C27","Fortune6"
"441","","Hart3"
"446","A34","Dodge3"
"449","","Baclini4"
"451","","West4"
"470","","Baclini4"
"473","","West4"
"481","","Goodwin8"
"486","","Lefebre5"
"490","","Coutts3"
"499","C22 C26","Allison4"
"507","","Quick3"
"531","","Quick3"
"533","","Elias3"
"534","","Peter3"
"536","","Hart3"
"541","B22","Crosby3"
"542","","Andersson7"
"543","","Andersson7"
"549","","Goldsmith3"
"550","","Davies3"
"551","C70","Thayer3"
"559","E67","Taussig3"
"566","","Davies3"
"568","","Palsson5"
"582","C68","Thayer3"
"586","E68","Taussig3"
"594","","Bourke3"
"596","","Van Impe3"
"609","","Laroche4"
"611","","Andersson7"
"616","","Herman4"
"617","","Danbom3"
"619","F4","Becker4"
"623","","Nakid3"
"635","","Skoog6"
"638","","Collyer3"
"639","","Panula6"
"643","","Skoog6"
"645","","Baclini4"
"656","","Hickman3"
"658","","Bourke3"
"666","","Hickman3"
"671","","Brown3"
"679","","Goodwin8"
"684","","Goodwin8"
"685","","Brown3"
"686","","Laroche4"
"687","","Panula6"
"699","C68","Thayer3"
"710","","Moubarek3"
"737","","Ford5"
"743","B57 B59 B63 B66","Ryerson5"
"746","B22","Crosby3"
"747","","Abbott3"
"751","","Wells3"
"755","","Herman4"
"764","B96 B98","Carter4"
"784","","Johnston4"
"788","","Rice6"
"789","","Dean4"
"793","","Sage11"
"800","","Van Impe3"
"802","","Collyer3"
"803","B96 B98","Carter4"
"814","","Andersson7"
"818","","Mallet3"
"820","","Skoog6"
"825","","Panula6"
"828","","Mallet3"
"836","E49","Compton3"
"847","","Sage11"
"851","","Andersson7"
"853","","Boulos3"
"857","","Wick3"
"859","","Baclini4"
"864","","Sage11"
"870","","Johnson3"
"886","","Rice6"
"889","","Johnston4"
"899","","Caldwell3"
"901","","Davies3"
"916","B57 B59 B63 B66","Ryerson5"
"921","","Samaan3"
"924","","Dean4"
"925","","Johnston4"
"941","","Coutts3"
"945","C23 C25 C27","Fortune6"
"947","","Rice6"
"956","B57 B59 B63 B66","Ryerson5"
"961","C23 C25 C27","Fortune6"
"972","","Boulos3"
"981","","Wells3"
"1009","G6","Sandstrom3"
"1019","","McCoy3"
"1024","","Lefebre5"
"1031","","Goodwin8"
"1032","","Goodwin8"
"1034","B57 B59 B63 B66","Ryerson5"
"1045","","Klasen3"
"1046","","Asplund7"
"1051","","Peacock3"
"1053","","Touma3"
"1059","","Ford5"
"1066","","Asplund7"
"1067","","Brown3"
"1070","F4","Becker4"
"1071","E45","Compton3"
"1073","E52","Compton3"
"1079","","Davies3"
"1080","","Sage11"
"1084","","van Billiard3"
"1086","","Drew3"
"1088","E34","Spedden3"
"1093","","Danbom3"
"1095","","Quick3"
"1106","","Andersson7"
"1109","","Wick3"
"1110","C80","Widener3"
"1117","","Moubarek3"
"1134","E34","Spedden3"
"1136","","Johnston4"
"1139","","Drew3"
"1142","","West4"
"1154","","Wells3"
"1155","","Klasen3"
"1173","","Peacock3"
"1175","","Touma3"
"1176","","Rosblom3"
"1185","A34","Dodge3"
"1188","","Laroche4"
"1189","","Samaan3"
"1197","B26","Crosby3"
"1198","C22 C26","Allison4"
"1218","F4","Becker4"
"1222","","Davies3"
"1225","","Nakid3"
"1229","","Elias3"
"1234","","Sage11"
"1236","","van Billiard3"
"1245","","Herman4"
"1246","","Dean4"
"1248","C101","Brown3"
"1252","","Sage11"
"1253","","Mallet3"
"1257","","Sage11"
"1266","A34","Dodge3"
"1271","","Asplund7"
"1277","","Herman4"
"1281","","Palsson5"
"1284","","Abbott3"
"1299","C80","Widener3"
"1301","","Peacock3"
"1309","","Peter3"
